<?xml version="1.0" encoding="utf-8"?>
<manifest xmlns:android="<a href="http://schemas.android.com/apk/res/android">http://schemas.android.com/apk/res/android</a>"
   package="com.ibm.swgs"
   android:versionCode="1"
   android:versionName="1.0">
<supports-screens
     android:largeScreens="true"
     android:normalScreens="true"
     android:smallScreens="true"
     android:resizeable="true"
     android:anyDensity="true"
 />
 <uses-permission android:name="android.permission.ACCESS_COARSE_LOCATION" />
 <uses-permission android:name="android.permission.ACCESS_FINE_LOCATION" />
 <uses-permission android:name="android.permission.ACCESS_LOCATION_EXTRA_COMMANDS" />
 <uses-permission android:name="android.permission.INTERNET" />
 <uses-permission android:name="android.permission.ACCESS_NETWORK_STATE" />
<application android:icon="@drawable/icon" android:label="@string/app_name">
   <activity android:name=".App"
       android:label="@string/app_name"
       android:configChanges="orientation|keyboardHidden">
     <intent-filter>
       <action android:name="android.intent.action.MAIN" />
       <category android:name="android.intent.category.LAUNCHER" />
     </intent-filter>
   </activity>
   <activity android:name="com.phonegap.DroidGap" android:label="@string/app_name"
        android:configChanges="orientation|keyboardHidden">
     <intent-filter>
     </intent-filter>
   </activity>
</application>
</manifest>
